{"cameraMode":{"drawMode":0,"name":"Shaded","section":"Shading Mode"},"sceneLighting":false,"audioPlay":false,"sceneViewState":{"showFog":true,"showMaterialUpdate":false,"showSkybox":true,"showFlares":true,"showImageEffects":true,"showParticleSystems":true},"in2DMode":false,"pivot":{"x":1.242668867111206,"y":2.552546501159668,"z":2.2702016830444338},"rotation":{"x":-0.19348487257957459,"y":0.4227136969566345,"z":-0.09288977086544037,"w":-0.8804818987846375},"size":6.200719356536865,"orthographic":true}