{"cameraMode":{"drawMode":0,"name":"Shaded","section":"Shading Mode"},"sceneLighting":false,"audioPlay":false,"sceneViewState":{"showFog":false,"showMaterialUpdate":false,"showSkybox":false,"showFlares":false,"showImageEffects":false,"showParticleSystems":false},"in2DMode":false,"pivot":{"x":1.53271484375,"y":-0.05780029296875,"z":1.2100830078125},"rotation":{"x":0.13233710825443269,"y":0.5175163745880127,"z":-0.08140140026807785,"w":0.8414496779441834},"size":1.581588625907898,"orthographic":false}