{"cameraMode":{"drawMode":0,"name":"Shaded","section":"Shading Mode"},"sceneLighting":false,"audioPlay":false,"sceneViewState":{"showFog":false,"showMaterialUpdate":false,"showSkybox":false,"showFlares":false,"showImageEffects":false,"showParticleSystems":false},"in2DMode":false,"pivot":{"x":54.3923454284668,"y":3.483846426010132,"z":-31.054019927978517},"rotation":{"x":0.016381142660975457,"y":0.9475491642951965,"z":-0.04922055825591087,"w":0.31537219882011416},"size":22.0,"orthographic":true}