{"cameraMode":{"drawMode":0,"name":"Shaded","section":"Shading Mode"},"sceneLighting":false,"audioPlay":false,"sceneViewState":{"showFog":false,"showMaterialUpdate":false,"showSkybox":false,"showFlares":false,"showImageEffects":false,"showParticleSystems":false},"in2DMode":false,"pivot":{"x":-1.6854543685913087,"y":-0.18691635131835938,"z":-2.4222426414489748},"rotation":{"x":0.13208581507205964,"y":0.4456064701080322,"z":-0.06666342169046402,"w":0.8829180598258972},"size":51.7442626953125,"orthographic":false}