{"cameraMode":{"drawMode":0,"name":"Shaded","section":"Shading Mode"},"sceneLighting":true,"audioPlay":false,"sceneViewState":{"showFog":true,"showMaterialUpdate":false,"showSkybox":true,"showFlares":true,"showImageEffects":true,"showParticleSystems":true},"in2DMode":false,"pivot":{"x":13.2333984375,"y":10.1552734375,"z":17.083984375},"rotation":{"x":-0.033771779388189319,"y":0.9658122658729553,"z":-0.16678300499916078,"w":-0.19557525217533112},"size":13.48757553100586,"orthographic":true}