{"cameraMode":{"drawMode":0,"name":"Shaded","section":"Shading Mode"},"sceneLighting":false,"audioPlay":false,"sceneViewState":{"showFog":false,"showMaterialUpdate":false,"showSkybox":false,"showFlares":false,"showImageEffects":false,"showParticleSystems":false},"in2DMode":false,"pivot":{"x":1.50634765625,"y":0.043701171875,"z":1.23974609375},"rotation":{"x":0.10678751021623612,"y":0.4486531615257263,"z":-0.05410614237189293,"w":0.8856518864631653},"size":2.0072340965270998,"orthographic":true}