{"cameraMode":{"drawMode":0,"name":"Shaded","section":"Shading Mode"},"sceneLighting":true,"audioPlay":false,"sceneViewState":{"showFog":true,"showMaterialUpdate":false,"showSkybox":true,"showFlares":true,"showImageEffects":true,"showParticleSystems":true},"in2DMode":false,"pivot":{"x":2.2021484375,"y":3.43408203125,"z":0.33837890625},"rotation":{"x":0.08498801290988922,"y":0.7604576349258423,"z":-0.10166230797767639,"w":0.6357248425483704},"size":15.80508804321289,"orthographic":true}